Sample_Name;COSMIC_ID;Cancer_Type;Microsatellite_Instability_Status;Screen_Medium;Growth_Properties
A253;906794;;MSS/MSI-L;D/F12;Adherent
BB30-HNC;753531;HNSC;MSS/MSI-L;D/F12;Adherent
BB49-HNC;753532;HNSC;MSS/MSI-L;D/F12;Adherent
BHY;753535;HNSC;MSS/MSI-L;D/F12;Adherent
BICR10;1290724;HNSC;MSS/MSI-L;D/F12;Adherent
BICR22;1240121;HNSC;MSS/MSI-L;D/F12;Adherent
BICR31;1290725;HNSC;MSS/MSI-L;D/F12;Adherent
BICR78;1240122;HNSC;MSS/MSI-L;D/F12;Adherent
Ca9-22;753538;HNSC;MSS/MSI-L;D/F12;Adherent
CAL-27;910916;HNSC;MSS/MSI-L;D/F12;Adherent
CAL-33;753541;HNSC;MSS/MSI-L;D/F12;Adherent
Detroit562;906837;HNSC;MSS/MSI-L;D/F12;Adherent
DOK;910936;HNSC;MSS/MSI-L;D/F12;Adherent
FADU;906863;HNSC;MSS/MSI-L;D/F12;Adherent
H3118;1240140;;MSS/MSI-L;R;Adherent
HN;907059;HNSC;MSS/MSI-L;D/F12;Adherent
HO-1-N-1;924111;HNSC;MSS/MSI-L;D/F12;Adherent
HO-1-u-1;753561;HNSC;MSS/MSI-L;D/F12;Adherent
HSC-2;753562;HNSC;MSS/MSI-L;D/F12;Adherent
HSC-3;907061;HNSC;MSS/MSI-L;D/F12;Adherent
HSC-4;907062;HNSC;MSS/MSI-L;D/F12;Adherent
JHU-011;1240161;HNSC;MSS/MSI-L;R;Adherent
JHU-022;1240162;HNSC;MSS/MSI-L;R;Adherent
KON;1298215;HNSC;MSS/MSI-L;D/F12;Adherent
KOSC-2;753570;HNSC;MSS/MSI-L;R;Adherent
LB771-HNC;753583;HNSC;MSS/MSI-L;D/F12;Adherent
OSC-19;1298362;HNSC;MSS/MSI-L;D/F12;Adherent
OSC-20;1240196;HNSC;MSS/MSI-L;D/F12;Adherent
PCI-15A;1240204;HNSC;MSS/MSI-L;R;Adherent
PCI-30;1298529;HNSC;MSS/MSI-L;R;Adherent
PCI-38;1240205;HNSC;MSS/MSI-L;R;Adherent
PCI-4B;1298531;HNSC;MSS/MSI-L;R;Adherent
PCI-6A;1240206;HNSC;MSS/MSI-L;R;Adherent
PE/CA-PJ15;1240207;HNSC;MSS/MSI-L;D/F12;Adherent
RPMI-2650;909700;HNSC;MSS/MSI-L;D/F12;Adherent
SAS;909708;HNSC;MSS/MSI-L;D/F12;Adherent
SAT;1299050;HNSC;MSS/MSI-L;R;Adherent
SCC-15;910911;HNSC;MSS/MSI-L;D/F12;Adherent
SCC-25;910701;HNSC;MSS/MSI-L;D/F12;Adherent
SCC-4;910904;HNSC;MSS/MSI-L;D/F12;Adherent
SCC-9;909709;HNSC;MSS/MSI-L;D/F12;Adherent
SKN-3;1299059;HNSC;MSS/MSI-L;R;Adherent
COLO-680N;906817;ESCA;MSS/MSI-L;R;Adherent
EC-GI-10;753555;ESCA;MSS/MSI-L;D/F12;Adherent
ESO26;1503366;ESCA;MSS/MSI-L;R;Adherent
ESO51;1503367;ESCA;MSS/MSI-L;R;Semi-Adherent
FLO-1;1503361;ESCA;MSS/MSI-L;R;Adherent
HCE-4;753559;ESCA;MSS/MSI-L;D/F12;Adherent
KYAE-1;1503368;ESCA;MSS/MSI-L;R;Suspension
KYSE-140;753573;ESCA;MSS/MSI-L;R;Adherent
KYSE-150;907317;ESCA;MSS/MSI-L;R;Adherent
KYSE-180;907318;ESCA;MSS/MSI-L;R;Adherent
KYSE-220;1240167;ESCA;MSS/MSI-L;R;Adherent
KYSE-270;907319;ESCA;MSS/MSI-L;R;Adherent
KYSE-410;753574;ESCA;MSS/MSI-L;R;Adherent
KYSE-450;907320;ESCA;MSS/MSI-L;R;Adherent
KYSE-50;1298222;ESCA;MSS/MSI-L;D/F12;Adherent
KYSE-510;907321;ESCA;MSS/MSI-L;R;Adherent
KYSE-520;753575;ESCA;MSS/MSI-L;R;Adherent
KYSE-70;753576;ESCA;MSS/MSI-L;R;Adherent
OACM5-1;1503363;ESCA;MSS/MSI-L;R;Semi-Adherent
OACp4C;1503362;ESCA;MSS/MSI-L;R;Adherent
OE19;910079;ESCA;MSS/MSI-L;R;Adherent
OE21;1298359;ESCA;MSS/MSI-L;R;Adherent
OE33;910549;ESCA;MSS/MSI-L;R;Adherent
SK-GT-4;1503365;ESCA;MSS/MSI-L;R;Adherent
TE-1;753621;ESCA;MSS/MSI-L;D/F12;Adherent
TE-10;753622;ESCA;MSS/MSI-L;D/F12;Adherent
TE-11;946354;ESCA;MSS/MSI-L;D/F12;Adherent
TE-12;946356;ESCA;MSS/MSI-L;D/F12;Suspension
TE-15;753614;ESCA;MSS/MSI-L;D/F12;Suspension
TE-4;1503371;ESCA;MSS/MSI-L;R;Adherent
TE-5;735784;ESCA;MSS/MSI-L;D/F12;Adherent
TE-6;946355;ESCA;MSS/MSI-L;D/F12;Adherent
TE-8;753623;ESCA;MSS/MSI-L;D/F12;Adherent
TE-9;946353;ESCA;MSS/MSI-L;D/F12;Adherent
T-T;1299064;ESCA;MSS/MSI-L;D/F12;Adherent
CESS;910688;LAML;MSS/MSI-L;R;Suspension
CTV-1;753548;LAML;MSI-H;R;Suspension
GDM-1;906870;LAML;MSS/MSI-L;R;Suspension
HEL;907053;LAML;MSS/MSI-L;R;Semi-Adherent
HL-60;905938;LAML;MSS/MSI-L;D/F12;Suspension
KASUMI-1;907275;LAML;MSS/MSI-L;R;Suspension
KG-1;907278;LAML;MSS/MSI-L;D/F12;Suspension
KMOE-2;907280;LAML;MSS/MSI-L;R;Suspension
ME-1;1330942;LAML;MSS/MSI-L;R;Suspension
ML-2;908141;LAML;MSS/MSI-L;R;Suspension
MOLM-13;1330947;LAML;MSS/MSI-L;R;Suspension
MONO-MAC-6;908148;LAML;MSS/MSI-L;R;Suspension
NKM-1;908448;LAML;MSS/MSI-L;R;Suspension
NOMO-1;908451;LAML;MSS/MSI-L;R;Suspension
OCI-AML2;910947;LAML;MSS/MSI-L;D/F12;Suspension
OCI-AML3;1290455;LAML;MSS/MSI-L;R;Suspension
OCI-AML5;1330983;LAML;MSS/MSI-L;D/F12;Suspension
OCI-M1;1330985;LAML;MSS/MSI-L;D/F12;Suspension
P31-FUJ;909253;LAML;MSI-H;R;Suspension
PL-21;1330991;LAML;MSS/MSI-L;R;Suspension
QIMR-WIL;910545;LAML;MSS/MSI-L;D/F12;Suspension
SIG-M5;909715;LAML;MSS/MSI-L;D/F12;Suspension
THP-1;909771;LAML;MSS/MSI-L;R;Suspension
KARPAS-299;907273;;MSS/MSI-L;R;Suspension
SU-DHL-1;909742;;MSS/MSI-L;R;Suspension
SUP-M2;1331040;;MSS/MSI-L;R;Suspension
BALL-1;910705;;MSS/MSI-L;R;Suspension
KARPAS-231;1327774;;MSS/MSI-L;R;Suspension
KOPN-8;1330933;;MSS/MSI-L;R;Suspension
MHH-CALL-2;908132;;MSS/MSI-L;R;Suspension
MHH-PREB-1;908136;;MSI-H;R;Suspension
MN-60;908143;;MSI-H;D/F12;Suspension
NALM-6;908158;;MSI-H;R;Suspension
RCH-ACV;1330994;;MSS/MSI-L;R;Suspension
REH;909696;;MSI-H;R;Suspension
ROS-50;1331025;;MSS/MSI-L;R;Suspension
SUP-B8;910209;;MSS/MSI-L;R;Suspension
U-698-M;909777;;MSS/MSI-L;R;Suspension
A3-KAW;910935;DLBC;MSS/MSI-L;R;Suspension
A4-Fuk;910934;DLBC;MSS/MSI-L;R;Suspension
BC-1;910919;DLBC;MSS/MSI-L;R;Suspension
CRO-AP2;906807;DLBC;MSS/MSI-L;R;Suspension
CTB-1;949088;DLBC;MSS/MSI-L;R;Suspension
DB;906832;DLBC;MSS/MSI-L;R;Suspension
DOHH-2;906842;DLBC;MSS/MSI-L;R;Suspension
Farage;1297449;DLBC;MSS/MSI-L;R;Suspension
GRANTA-519;1303897;DLBC;MSS/MSI-L;D/F12;Suspension
JEKO-1;1327765;DLBC;MSS/MSI-L;R;Suspension
JSC-1;1327769;DLBC;MSS/MSI-L;R;Suspension
KARPAS-1106P;1327773;DLBC;MSS/MSI-L;R;Suspension
KARPAS-422;907274;DLBC;MSS/MSI-L;R;Suspension
MC116;907799;DLBC;MSS/MSI-L;R;Suspension
NU-DUL-1;1330982;DLBC;MSS/MSI-L;R;Suspension
OCI-LY-19;1330984;DLBC;MSS/MSI-L;D/F12;Suspension
RC-K8;1330995;DLBC;MSS/MSI-L;R;Suspension
RL;910861;DLBC;MSS/MSI-L;R;Suspension
SCC-3;910930;DLBC;MSS/MSI-L;R;Suspension
SLVL;1331032;DLBC;MSS/MSI-L;R;Suspension
SU-DHL-10;1331033;DLBC;MSS/MSI-L;R;Suspension
SU-DHL-16;1331034;DLBC;MSS/MSI-L;R;Suspension
SU-DHL-4;1331035;DLBC;MSS/MSI-L;R;Suspension
SU-DHL-5;1331036;DLBC;MSS/MSI-L;R;Suspension
SU-DHL-6;1331037;DLBC;MSS/MSI-L;R;Suspension
SU-DHL-8;1331038;DLBC;MSS/MSI-L;R;Suspension
TK;1331045;DLBC;MSS/MSI-L;R;Suspension
TUR;909773;DLBC;MSI-H;R;Suspension
VAL;1331048;DLBC;MSS/MSI-L;R;Suspension
WSU-DLCL2;1331050;DLBC;MSS/MSI-L;R;Suspension
BL-41;910706;;MSS/MSI-L;R;Suspension
CA46;910703;;MSS/MSI-L;R;Suspension
Daudi;906831;;MSS/MSI-L;R;Suspension
DG-75;906838;;MSI-H;R;Suspension
EB2;906846;;MSS/MSI-L;R;Suspension
EB-3;906847;;MSS/MSI-L;R;Suspension
GA-10;1303896;;MSS/MSI-L;R;Suspension
JiyoyeP-2003;907268;;MSS/MSI-L;R;Suspension
NAMALWA;908159;;MSS/MSI-L;R;Suspension
P32-ISH;1330987;;MSS/MSI-L;R;Suspension
Raji;909262;;MSS/MSI-L;R;Suspension
Ramos-2G6-4C10;910401;;MSS/MSI-L;R;Suspension
ST486;910906;;MSS/MSI-L;R;Suspension
BV-173;910710;LCML;MSS/MSI-L;R;Suspension
CML-T1;910951;LCML;MSS/MSI-L;D/F12;Suspension
EM-2;906855;LCML;MSS/MSI-L;R;Suspension
JURL-MK1;1327771;LCML;MSS/MSI-L;R;Suspension
K-562;905940;LCML;MSS/MSI-L;D/F12;Suspension
KCL-22;1330931;LCML;MSI-H;R;Suspension
KU812;907311;LCML;MSS/MSI-L;R;Suspension
LAMA-84;907783;LCML;MSS/MSI-L;R;Suspension
MEG-01;908126;LCML;MSS/MSI-L;R;Suspension
RPMI-8866;910544;LCML;MSS/MSI-L;R;Suspension
AMO-1;1295741;MM;MSS/MSI-L;R;Suspension
EoL-1-cell;906856;;MSS/MSI-L;R;Suspension
JJN-3;1327766;MM;MSS/MSI-L;D/F12;Suspension
KARPAS-620;1327775;MM;MSS/MSI-L;R;Suspension
MC-CAR;683665;MM;MSS/MSI-L;D/F12;Suspension
SKM-1;909722;;MSS/MSI-L;R;Suspension
HC-1;907044;;MSS/MSI-L;R;Suspension
MLMA;908142;;MSS/MSI-L;R;Semi-Adherent
Mo-T;908149;;MSS/MSI-L;D/F12;Suspension
HDLM-2;924110;;MSS/MSI-L;R;Suspension
HD-MY-Z;907050;;MSS/MSI-L;R;Adherent
Hs-445;1322218;;MSS/MSI-L;R;Suspension
KM-H2;909976;;MSS/MSI-L;R;Suspension
L-1236;1330935;;MSS/MSI-L;R;Suspension
L-428;907322;;MSS/MSI-L;R;Suspension
L-540;907323;;MSS/MSI-L;R;Suspension
RPMI-6666;909701;;MSS/MSI-L;R;Suspension
SUP-HD1;1331039;;MSS/MSI-L;R;Suspension
KY821;907300;LAML;MSS/MSI-L;R;Suspension
MV-4-11;908156;;MSS/MSI-L;D/F12;Suspension
RS4-11;909703;ALL;MSI-H;R;Suspension
697;906800;;MSS/MSI-L;R;Suspension
ALL-PO;910944;ALL;MSS/MSI-L;R;Suspension
BE-13;906763;ALL;MSS/MSI-L;R;Suspension
CCRF-CEM;905952;ALL;MSS/MSI-L;R;Suspension
GR-ST;906877;ALL;MSI-H;R;Suspension
HAL-01;949153;ALL;MSS/MSI-L;R;Suspension
KARPAS-45;907272;ALL;MSS/MSI-L;R;Suspension
KE-37;907277;ALL;MSS/MSI-L;R;Suspension
LC4-1;907787;ALL;MSS/MSI-L;R;Suspension
MOLT-4;905958;ALL;MSI-H;R;Suspension
P30-OHK;909252;ALL;MSI-H;R;Suspension
SUP-B15;1247871;ALL;MSS/MSI-L;D/F12;Suspension
ATN-1;910687;ALL;MSS/MSI-L;R;Suspension
LOUCY;907789;ALL;MSS/MSI-L;R;Suspension
MOLT-13;908146;ALL;MSI-H;R;Suspension
MOLT-16;908147;ALL;MSS/MSI-L;R;Suspension
P12-ICHIKAWA;909251;ALL;MSS/MSI-L;R;Suspension
PF-382;909260;ALL;MSS/MSI-L;R;Suspension
RPMI-8402;909702;ALL;MSS/MSI-L;R;Suspension
SUP-T1;909743;ALL;MSS/MSI-L;R;Suspension
DEL;906836;;MSS/MSI-L;R;Suspension
EHEB;906854;CLL;MSS/MSI-L;R;Suspension
EJM;1297447;MM;MSS/MSI-L;D/F12;Semi-Adherent
H9;907043;;MSS/MSI-L;R;Suspension
JVM-2;907269;CLL;MSS/MSI-L;R;Suspension
JVM-3;907270;CLL;MSS/MSI-L;R;Suspension
SR;905965;;MSS/MSI-L;R;Suspension
WIL2-NS;1331049;;MSS/MSI-L;R;Suspension
WSU-NHL;909785;;MSI-H;R;Suspension
YT;946358;ALL;MSS/MSI-L;D/F12;Suspension
ARH-77;906765;MM;MSS/MSI-L;R;Suspension
IM-9;753563;MM;MSS/MSI-L;R;Suspension
KMS-12-BM;907281;MM;MSS/MSI-L;R;Suspension
L-363;924239;MM;MSS/MSI-L;R;Suspension
LP-1;907791;MM;MSS/MSI-L;D/F12;Suspension
MM1S;1659818;MM;MSS/MSI-L;R;Suspension
MOLP-8;1330950;MM;MSS/MSI-L;R;Suspension
NCI-H929;724825;MM;MSS/MSI-L;R;Suspension
OPM-2;909249;MM;MSS/MSI-L;R;Suspension
RPMI-8226;905964;MM;MSS/MSI-L;R;Suspension
SK-MM-2;753612;MM;MSS/MSI-L;R;Suspension
U-266;753615;MM;MSS/MSI-L;R;Semi-Adherent
ALL-SIL;1295740;ALL;MSS/MSI-L;R;Suspension
DND-41;1297446;ALL;MSI-H;R;Suspension
HH;907056;;MSS/MSI-L;R;Suspension
Jurkat;998184;ALL;MSI-H;R;Suspension
CS1;1290795;;MSS/MSI-L;R;Adherent
SJSA-1;909717;;MSS/MSI-L;R;Adherent
CAL-78;1290765;;MSS/MSI-L;R;Adherent
CHSA8926;1303912;;MSS/MSI-L;R;Adherent
H-EMC-SS;907290;;MSS/MSI-L;D/F12;Adherent
CADO-ES1;753539;;MSS/MSI-L;R;Suspension
ES1;949158;;MSS/MSI-L;R;Adherent
ES3;684055;;MSS/MSI-L;R;Adherent
ES4;949156;;MSS/MSI-L;R;Adherent
ES5;684057;;MSS/MSI-L;R;Adherent
ES7;684059;;MSS/MSI-L;R;Adherent
ES8;949155;;MSS/MSI-L;R;Adherent
EW-1;949163;;MSS/MSI-L;R;Semi-Adherent
EW-11;684062;;MSS/MSI-L;R;Adherent
EW-12;949162;;MSS/MSI-L;R;Suspension
EW-13;949166;;MSS/MSI-L;R;Suspension
EW-16;949165;;MSS/MSI-L;R;Adherent
EW-18;949164;;MSS/MSI-L;R;Suspension
EW-22;949167;;MSS/MSI-L;R;Adherent
EW-24;949168;;MSS/MSI-L;R;Semi-Adherent
EW-3;949161;;MSS/MSI-L;R;Adherent
EW-7;949160;;MSS/MSI-L;R;Semi-Adherent
SK-ES-1;684072;;MSS/MSI-L;R;Semi-Adherent
SK-PN-DW;909731;;MSS/MSI-L;D/F12;Adherent
TC-71;1240221;;MSS/MSI-L;D/F12;Adherent
CAL-72;906827;;MSS/MSI-L;D/F12;Adherent
G-292 Clone A141B1;1290807;;MSS/MSI-L;R;Adherent
HOS;907060;;MSS/MSI-L;D/F12;Adherent
HuO-3N1;909977;;MSS/MSI-L;R;Adherent
HuO9;907072;;MSS/MSI-L;R;Adherent
MG-63;908131;;MSS/MSI-L;D/F12;Adherent
NOS-1;925345;;MSS/MSI-L;R;Adherent
NY;910849;;MSS/MSI-L;D/F12;Adherent
Saos-2;909707;;MSS/MSI-L;R;Adherent
U-2-OS;909776;;MSS/MSI-L;R;Adherent
AU565;910704;BRCA;MSS/MSI-L;R;Adherent
BT-20;906801;BRCA;MSS/MSI-L;D/F12;Adherent
BT-474;946359;BRCA;MSS/MSI-L;R;Adherent
BT-483;949093;BRCA;MSS/MSI-L;R;Adherent
BT-549;905951;BRCA;MSS/MSI-L;R;Adherent
CAL-120;906826;BRCA;MSS/MSI-L;D/F12;Adherent
CAL-148;924106;BRCA;MSS/MSI-L;D/F12;Suspension
CAL-51;910927;BRCA;MSS/MSI-L;D/F12;Adherent
CAL-85-1;910852;BRCA;MSS/MSI-L;D/F12;Adherent
CAMA-1;946382;BRCA;MSS/MSI-L;D/F12;Adherent
COLO-824;906812;BRCA;MSS/MSI-L;R;Adherent
DU-4475;906844;BRCA;MSS/MSI-L;R;Suspension
EFM-19;906851;BRCA;MSS/MSI-L;R;Adherent
EFM-192A;1290798;BRCA;MSS/MSI-L;R;Adherent
EVSA-T;906862;BRCA;MSS/MSI-L;D/F12;Adherent
HCC1143;749710;BRCA;MSS/MSI-L;R;Adherent
HCC1187;749711;BRCA;MSS/MSI-L;R;Suspension
HCC1395;749712;BRCA;MSS/MSI-L;R;Adherent
HCC1419;907045;BRCA;MSS/MSI-L;R;Adherent
HCC1428;1290905;BRCA;MSS/MSI-L;R;Adherent
HCC1500;1303900;BRCA;MSS/MSI-L;R;Adherent
HCC1569;907046;BRCA;MSI-H;R;Adherent
HCC1599;749713;BRCA;MSS/MSI-L;R;Suspension
HCC1806;907047;;MSS/MSI-L;R;Adherent
HCC1937;749714;BRCA;MSS/MSI-L;R;Adherent
HCC1954;749709;BRCA;MSS/MSI-L;R;Adherent
HCC202;1290906;BRCA;MSS/MSI-L;R;Adherent
HCC2157;749715;BRCA;MSS/MSI-L;D/F12;Suspension
HCC2218;749716;BRCA;MSS/MSI-L;R;Suspension
HCC38;749717;BRCA;MSS/MSI-L;R;Adherent
HCC70;907048;BRCA;MSS/MSI-L;R;Adherent
HDQ-P1;1290922;BRCA;MSS/MSI-L;D/F12;Adherent
Hs-578-T;905957;BRCA;MSS/MSI-L;D/F12;Adherent
7 MCF;905946;BRCA;MSS/MSI-L;D/F12;Adherent
MDA-MB-157;925338;BRCA;MSS/MSI-L;D/F12;Adherent
MDA-MB-231;905960;BRCA;MSS/MSI-L;D/F12;Adherent
MDA-MB-330;1330941;BRCA;MSS/MSI-L;D/F12;Adherent
MDA-MB-361;908121;BRCA;MSS/MSI-L;D/F12;Adherent
MDA-MB-415;924240;BRCA;MSS/MSI-L;D/F12;Adherent
MDA-MB-436;1240172;BRCA;MSS/MSI-L;D/F12;Adherent
MDA-MB-453;908122;BRCA;MSS/MSI-L;D/F12;Adherent
MDA-MB-468;908123;BRCA;MSS/MSI-L;D/F12;Adherent
MFM-223;910948;BRCA;MSS/MSI-L;D/F12;Adherent
MRK-nu-1;908151;BRCA;MSS/MSI-L;D/F12;Suspension
OCUB-M;909256;BRCA;MSS/MSI-L;D/F12;Adherent
T47D;905945;BRCA;MSS/MSI-L;R;Adherent
UACC-812;910910;BRCA;MSS/MSI-L;D/F12;Adherent
UACC-893;909778;BRCA;MSS/MSI-L;D/F12;Adherent
ZR-75-30;909907;BRCA;MSS/MSI-L;R;Adherent
EGI-1;906853;;MSS/MSI-L;D/F12;Adherent
ETK-1;906861;;MSS/MSI-L;R;Adherent
HuCCT1;907069;;MSS/MSI-L;R;Adherent
TGBC1TKB;909769;;MSS/MSI-L;D/F12;Adherent
TGBC24TKB;910695;;MSS/MSI-L;D/F12;Adherent
HUTU-80;907073;;MSS/MSI-L;D/F12;Adherent
C2BBe1;910700;COAD/READ;MSS/MSI-L;D/F12;Adherent
CaR-1;924108;COAD/READ;MSS/MSI-L;D/F12;Adherent
CCK-81;1240123;COAD/READ;MSI-H;R;Adherent
CL-11;1290769;COAD/READ;MSS/MSI-L;D/F12;Adherent
CL-40;1240124;COAD/READ;MSS/MSI-L;D/F12;Adherent
COLO-205;905961;COAD/READ;MSS/MSI-L;R;Suspension
COLO-320-HSR;910569;COAD/READ;MSS/MSI-L;R;Suspension
COLO-678;910689;COAD/READ;MSS/MSI-L;R;Semi-Adherent
CW-2;910554;COAD/READ;MSI-H;R;Adherent
GP5d;907291;COAD/READ;MSI-H;D/F12;Adherent
HCC2998;905971;COAD/READ;MSS/MSI-L;R;Adherent
HCC-56;1290907;COAD/READ;MSS/MSI-L;R;Adherent
HCT-116;905936;COAD/READ;MSI-H;R;Adherent
HCT-15;905937;COAD/READ;MSI-H;R;Adherent
HT-115;907289;COAD/READ;MSS/MSI-L;D/F12;Adherent
HT-29;905939;COAD/READ;MSS/MSI-L;R;Adherent
HT55;907287;COAD/READ;MSS/MSI-L;D/F12;Adherent
KM12;905989;COAD/READ;MSI-H;R;Adherent
LoVo;907790;COAD/READ;MSI-H;D/F12;Adherent
LS-1034;917486;COAD/READ;MSS/MSI-L;R;Adherent
LS-123;907792;COAD/READ;MSS/MSI-L;D/F12;Adherent
LS-180;998189;COAD/READ;MSI-H;D/F12;Adherent
LS-411N;907794;COAD/READ;MSI-H;R;Adherent
LS-513;907795;COAD/READ;MSS/MSI-L;R;Adherent
MDST8;1240173;COAD/READ;MSS/MSI-L;R;Adherent
NCI-H630;908482;COAD/READ;MSI-H;D/F12;Adherent
NCI-H716;908458;COAD/READ;MSS/MSI-L;R;Suspension
NCI-H747;908457;COAD/READ;MSS/MSI-L;R;Adherent
RCM-1;909263;COAD/READ;MSS/MSI-L;R;Adherent
RKO;909698;COAD/READ;MSI-H;D/F12;Adherent
SK-CO-1;909718;COAD/READ;MSS/MSI-L;R;Adherent
SNU-1040;1659823;COAD/READ;MSS/MSI-L;R;Adherent
SNU-175;1659928;COAD/READ;MSI-H;R;Suspension
SNU-407;1660034;COAD/READ;MSI-H;R;Adherent
SNU-61;1660035;COAD/READ;MSS/MSI-L;R;Adherent
SNU-81;1660036;COAD/READ;MSS/MSI-L;R;Adherent
SNU-C1;910905;COAD/READ;MSS/MSI-L;R;Suspension
SNU-C2B;909740;COAD/READ;MSI-H;R;Adherent
SNU-C5;1674021;COAD/READ;MSI-H;R;Adherent
SW1116;909746;COAD/READ;MSS/MSI-L;D/F12;Adherent
SW1417;909747;COAD/READ;MSS/MSI-L;D/F12;Adherent
SW1463;909748;COAD/READ;MSS/MSI-L;D/F12;Adherent
SW48;909751;COAD/READ;MSI-H;D/F12;Adherent
SW837;909755;COAD/READ;MSS/MSI-L;D/F12;Adherent
SW948;909757;COAD/READ;MSS/MSI-L;D/F12;Adherent
T84;909761;COAD/READ;MSS/MSI-L;D/F12;Adherent
C3A;910850;LIHC;MSS/MSI-L;D/F12;Adherent
Hep 3B2_1-7;1240147;LIHC;MSS/MSI-L;D/F12;Adherent
HLE;907057;LIHC;MSS/MSI-L;D/F12;Adherent
huH-1;1298146;LIHC;MSS/MSI-L;D/F12;Adherent
HuH-7;907071;LIHC;MSS/MSI-L;D/F12;Adherent
JHH-1;1298151;LIHC;MSS/MSI-L;D/F12;Adherent
JHH-6;1240159;LIHC;MSS/MSI-L;D/F12;Adherent
JHH-7;1240160;LIHC;MSS/MSI-L;D/F12;Adherent
SK-HEP-1;909719;LIHC;MSS/MSI-L;D/F12;Adherent
SNU-182;1240216;LIHC;MSS/MSI-L;R;Adherent
SNU-387;909736;LIHC;MSS/MSI-L;R;Adherent
SNU-398;1240217;LIHC;MSS/MSI-L;R;Adherent
SNU-423;909737;LIHC;MSS/MSI-L;R;Adherent
SNU-449;909738;LIHC;MSS/MSI-L;R;Adherent
SNU-475;909739;LIHC;MSS/MSI-L;R;Adherent
23132-87;910924;STAD;MSI-H;R;Adherent
AGS;906790;STAD;MSS/MSI-L;D/F12;Adherent
ECC10;906848;;MSS/MSI-L;R;Suspension
ECC12;906849;;MSS/MSI-L;R;Suspension
FU97;1290806;STAD;MSS/MSI-L;D/F12;Adherent
GCIY;906869;STAD;MSS/MSI-L;D/F12;Adherent
GT3TKB;907041;STAD;MSS/MSI-L;D/F12;Adherent
HGC-27;907055;STAD;MSS/MSI-L;D/F12;Adherent
Hs746T;1240151;STAD;MSS/MSI-L;D/F12;Adherent
HSC-39;1322224;STAD;MSS/MSI-L;D/F12;Suspension
IM-95;1240155;STAD;MSS/MSI-L;R;Adherent
KATOIII;907276;STAD;MSS/MSI-L;D/F12;Semi-Adherent
1 MKN;908138;;MSS/MSI-L;R;Adherent
28 MKN;908139;STAD;MSS/MSI-L;R;Adherent
45 MKN;925340;STAD;MSS/MSI-L;R;Adherent
7 MKN;924250;STAD;MSS/MSI-L;R;Adherent
NCI-N87;908461;STAD;MSS/MSI-L;R;Adherent
NCI-SNU-1;908444;STAD;MSI-H;R;Suspension
NCI-SNU-16;908446;STAD;MSS/MSI-L;R;Suspension
NCI-SNU-5;908445;STAD;MSS/MSI-L;D/F12;Suspension
NUGC-3;908455;STAD;MSI-H;R;Adherent
NUGC-4;1298357;STAD;MSS/MSI-L;R;Adherent
OCUM-1;1298358;STAD;MSS/MSI-L;D/F12;Adherent
RERF-GC-1B;1240209;STAD;MSS/MSI-L;R;Adherent
RF-48;909697;STAD;MSS/MSI-L;D/F12;Adherent
SCH;909711;;MSS/MSI-L;R;Adherent
SK-GT-2;1503364;STAD;MSS/MSI-L;R;Adherent
TGBC11TKB;909770;STAD;MSI-H;D/F12;Adherent
SW13;909744;ACC;MSS/MSI-L;D/F12;Adherent
769-P;910922;KIRC;MSS/MSI-L;R;Adherent
786-0;905947;KIRC;MSS/MSI-L;R;Adherent
A498;905948;KIRC;MSS/MSI-L;D/F12;Adherent
A704;910920;KIRC;MSS/MSI-L;D/F12;Adherent
ACHN;905950;KIRC;MSS/MSI-L;R;Adherent
BB65-RCC;753533;KIRC;MSS/MSI-L;D/F12;Adherent
BFTC-909;910698;KIRC;MSS/MSI-L;D/F12;Adherent
CAKI-1;905963;KIRC;MSS/MSI-L;R;Adherent
CAL-54;910952;KIRC;MSS/MSI-L;D/F12;Adherent
G-401;907299;;MSS/MSI-L;R;Adherent
HA7-RCC;753558;KIRC;MSS/MSI-L;D/F12;Adherent
KMRC-1;1298168;KIRC;MSS/MSI-L;D/F12;Adherent
KMRC-20;1298169;KIRC;MSS/MSI-L;D/F12;Adherent
LB1047-RCC;753577;KIRC;MSI-H;D/F12;Adherent
LB2241-RCC;753578;KIRC;MSS/MSI-L;D/F12;Adherent
LB996-RCC;753585;KIRC;MSS/MSI-L;D/F12;Adherent
NCC010;1509073;KIRC;MSS/MSI-L;R;Adherent
NCC021;1509074;KIRC;MSS/MSI-L;D/F12;Adherent
OS-RC-2;909250;KIRC;MSS/MSI-L;R;Adherent
RCC10RGB;909974;KIRC;MSS/MSI-L;D/F12;Adherent
RCC-AB;1524418;KIRC;MSS/MSI-L;D/F12;Adherent
RCC-ER;1524417;KIRC;MSS/MSI-L;D/F12;Adherent
RCC-FG2;1524414;KIRC;MSS/MSI-L;D/F12;Adherent
RCC-JW;1524416;KIRC;MSS/MSI-L;D/F12;Adherent
RCC-MF;1524419;KIRC;MSS/MSI-L;D/F12;Adherent
RXF393;905978;KIRC;MSS/MSI-L;R;Adherent
SN12C;905979;KIRC;MSS/MSI-L;D/F12;Adherent
TK10;905980;KIRC;MSS/MSI-L;R;Adherent
U031;905981;KIRC;MSS/MSI-L;R;Adherent
VMRC-RCZ;909781;KIRC;MSS/MSI-L;D/F12;Adherent
201T;1287381;LUAD;MSS/MSI-L;R;Adherent
A549;905949;LUAD;MSS/MSI-L;D/F12;Adherent
ABC-1;906791;LUAD;MSS/MSI-L;D/F12;Adherent
Calu-3;687777;LUAD;MSS/MSI-L;D/F12;Adherent
Calu-6;724859;LUAD;MSS/MSI-L;D/F12;Adherent
COR-L105;906805;LUAD;MSS/MSI-L;R;Adherent
EKVX;905970;LUAD;MSS/MSI-L;D/F12;Adherent
EMC-BAC-1;1503369;LUAD;MSS/MSI-L;R;Adherent
EMC-BAC-2;1503370;LUAD;MSS/MSI-L;R;Adherent
H3255;1247873;LUAD;MSS/MSI-L;R;Adherent
HCC-44;1240145;LUAD;MSS/MSI-L;R;Adherent
HCC-78;1290908;LUAD;MSS/MSI-L;R;Adherent
HCC-827;1240146;LUAD;MSS/MSI-L;R;Adherent
LC-2-ad;907786;LUAD;MSS/MSI-L;R;Adherent
LXF-289;753592;LUAD;MSS/MSI-L;D/F12;Adherent
NCI-H1355;724866;LUAD;MSS/MSI-L;D/F12;Adherent
NCI-H1395;684681;LUAD;MSS/MSI-L;R;Adherent
NCI-H1435;1298347;LUAD;MSS/MSI-L;D/F12;Semi-Adherent
NCI-H1563;753600;LUAD;MSS/MSI-L;R;Adherent
NCI-H1568;1298348;LUAD;MSS/MSI-L;R;Adherent
NCI-H1573;908472;LUAD;MSS/MSI-L;D/F12;Adherent
NCI-H1623;687798;LUAD;MSS/MSI-L;D/F12;Adherent
NCI-H1648;687799;LUAD;MSS/MSI-L;D/F12;Adherent
NCI-H1650;687800;LUAD;MSS/MSI-L;R;Adherent
NCI-H1651;910900;LUAD;MSS/MSI-L;D/F12;Adherent
NCI-H1666;908473;LUAD;MSS/MSI-L;D/F12;Semi-Adherent
NCI-H1693;687802;LUAD;MSS/MSI-L;R;Adherent
NCI-H1703;908474;;MSS/MSI-L;R;Adherent
NCI-H1734;722058;LUAD;MSS/MSI-L;R;Adherent
NCI-H1755;908475;LUAD;MSS/MSI-L;R;Adherent
NCI-H1781;1298350;LUAD;MSS/MSI-L;R;Adherent
NCI-H1792;724868;LUAD;MSS/MSI-L;R;Adherent
NCI-H1793;908463;LUAD;MSS/MSI-L;D/F12;Adherent
NCI-H1838;687807;LUAD;MSS/MSI-L;R;Adherent
NCI-H1944;1240185;LUAD;MSS/MSI-L;D/F12;Adherent
NCI-H1975;924244;LUAD;MSS/MSI-L;R;Adherent
NCI-H1993;908476;LUAD;MSS/MSI-L;R;Adherent
NCI-H2009;724873;LUAD;MSS/MSI-L;D/F12;Adherent
NCI-H2023;1240187;LUAD;MSS/MSI-L;R;Adherent
NCI-H2030;722045;LUAD;MSS/MSI-L;R;Adherent
NCI-H2085;687812;LUAD;MSS/MSI-L;D/F12;Adherent
NCI-H2087;724834;LUAD;MSS/MSI-L;D/F12;Semi-Adherent
NCI-H2122;722046;LUAD;MSS/MSI-L;R;Adherent
NCI-H2228;687816;LUAD;MSS/MSI-L;R;Adherent
NCI-H2291;724874;LUAD;MSS/MSI-L;R;Adherent
NCI-H23;905942;LUAD;MSS/MSI-L;R;Adherent
NCI-H2342;687819;LUAD;MSS/MSI-L;D/F12;Adherent
NCI-H2347;687820;LUAD;MSS/MSI-L;R;Adherent
NCI-H2405;687821;LUAD;MSS/MSI-L;D/F12;Adherent
NCI-H292;753604;;MSS/MSI-L;R;Adherent
NCI-H3122;1240190;LUAD;MSS/MSI-L;R;Adherent
NCI-H322M;905967;LUAD;MSS/MSI-L;R;Suspension
NCI-H358;908465;LUAD;MSS/MSI-L;R;Adherent
NCI-H441;908460;LUAD;MSS/MSI-L;R;Adherent
NCI-H522;905944;LUAD;MSS/MSI-L;R;Adherent
NCI-H596;908459;;MSS/MSI-L;R;Adherent
NCI-H650;722066;LUAD;MSS/MSI-L;D/F12;Adherent
NCI-H838;910399;LUAD;MSS/MSI-L;R;Adherent
PC-14;753608;LUAD;MSS/MSI-L;R;Adherent
RERF-LC-KJ;1298537;LUAD;MSS/MSI-L;R;Adherent
RERF-LC-MS;910931;LUAD;MSS/MSI-L;D/F12;Adherent
SK-LU-1;909721;LUAD;MSS/MSI-L;D/F12;Adherent
SW1573;724878;LUAD;MSS/MSI-L;D/F12;Adherent
NCI-H720;687600;;MSS/MSI-L;D/F12;Suspension
NCI-H727;724855;;MSS/MSI-L;R;Adherent
NCI-H835;753607;;MSS/MSI-L;R;Suspension
UMC-11;909779;;MSS/MSI-L;D/F12;Adherent
COR-L23;687780;;MSS/MSI-L;R;Adherent
HOP-92;905973;;MSS/MSI-L;D/F12;Adherent
IA-LM;910779;;MSS/MSI-L;D/F12;Adherent
LCLC-103H;753586;;MSS/MSI-L;R;Adherent
LCLC-97TM1;946361;;MSS/MSI-L;R;Adherent
LU-65;724863;;MSS/MSI-L;R;Suspension
LU-99A;907796;;MSS/MSI-L;R;Adherent
NCI-H1155;908467;;MSS/MSI-L;D/F12;Suspension
NCI-H1299;724831;;MSS/MSI-L;R;Adherent
NCI-H1581;908471;;MSS/MSI-L;D/F12;Semi-Adherent
NCI-H1915;1240184;;MSS/MSI-L;R;Adherent
NCI-H661;687829;;MSS/MSI-L;R;Adherent
NCI-H810;925341;;MSS/MSI-L;D/F12;Adherent
A427;910851;UNABLE TO CLASSIFY;MSS/MSI-L;D/F12;Adherent
BEN;753534;UNABLE TO CLASSIFY;MSS/MSI-L;D/F12;Adherent
CAL-12T;753540;UNABLE TO CLASSIFY;MSS/MSI-L;D/F12;Adherent
ChaGo-K-1;687596;UNABLE TO CLASSIFY;MSS/MSI-L;R;Adherent
HCC-366;1240144;;MSS/MSI-L;R;Adherent
NCI-H1770;687804;UNABLE TO CLASSIFY;MSS/MSI-L;D/F12;Suspension
NCI-H2110;1298351;UNABLE TO CLASSIFY;MSS/MSI-L;R;Adherent
NCI-H2135;1298352;UNABLE TO CLASSIFY;MSS/MSI-L;D/F12;Adherent
NCI-H2172;1298353;UNABLE TO CLASSIFY;MSS/MSI-L;R;Adherent
NCI-H2444;1298356;UNABLE TO CLASSIFY;MSS/MSI-L;R;Adherent
NCI-H647;1240191;;MSS/MSI-L;R;Adherent
EBC-1;753554;LUSC;MSS/MSI-L;D/F12;Adherent
EPLC-272H;753556;LUSC;MSS/MSI-L;R;Adherent
HARA;1240142;LUSC;MSS/MSI-L;R;Adherent
HCC-15;1240143;LUSC;MSS/MSI-L;D/F12;Adherent
KNS-62;753569;LUSC;MSS/MSI-L;D/F12;Adherent
LC-1-sq;1298223;LUSC;MSS/MSI-L;R;Adherent
LK-2;687787;LUSC;MSS/MSI-L;R;Adherent
LOU-NH91;1298226;LUSC;MSS/MSI-L;R;Adherent
NCI-H1869;1240183;LUSC;MSS/MSI-L;D/F12;Adherent
NCI-H2170;687815;LUSC;MSS/MSI-L;R;Adherent
NCI-H226;905941;LUSC;MSS/MSI-L;R;Adherent
NCI-H520;908443;LUSC;MSS/MSI-L;R;Adherent
RERF-LC-Sq1;1298538;LUSC;MSS/MSI-L;R;Adherent
SK-MES-1;909728;LUSC;MSS/MSI-L;D/F12;Adherent
SW900;724879;LUSC;MSS/MSI-L;R;Adherent
COR-L321;1322213;UNABLE TO CLASSIFY;MSS/MSI-L;R;Suspension
COLO-668;910692;SCLC;MSS/MSI-L;R;Adherent
COR-L279;910937;SCLC;MSS/MSI-L;R;Suspension
COR-L303;1297438;SCLC;MSS/MSI-L;R;Suspension
COR-L311;687980;SCLC;MSS/MSI-L;R;Suspension
COR-L32;1322212;SCLC;MSS/MSI-L;R;Suspension
COR-L88;906808;SCLC;MSS/MSI-L;R;Adherent
CPC-N;753547;SCLC;MSS/MSI-L;R;Suspension
DMS-114;687983;SCLC;MSS/MSI-L;D/F12;Adherent
DMS-273;687985;SCLC;MSS/MSI-L;D/F12;Adherent
DMS-53;907295;SCLC;MSS/MSI-L;D/F12;Adherent
IST-SL1;753564;SCLC;MSS/MSI-L;R;Semi-Adherent
IST-SL2;753565;SCLC;MSS/MSI-L;R;Suspension
LB647-SCLC;753582;SCLC;MSS/MSI-L;R;Semi-Adherent
LU-134-A;753588;SCLC;MSS/MSI-L;R;Suspension
LU-135;713899;SCLC;MSS/MSI-L;R;Suspension
LU-139;713878;SCLC;MSS/MSI-L;R;Suspension
LU-165;753589;SCLC;MSS/MSI-L;R;Suspension
MS-1;753594;SCLC;MSS/MSI-L;R;Suspension
NCI-H1048;687995;SCLC;MSI-H;D/F12;Adherent
NCI-H1092;687997;SCLC;MSS/MSI-L;D/F12;Suspension
NCI-H1105;908468;SCLC;MSS/MSI-L;D/F12;Suspension
NCI-H1341;1330964;SCLC;MSS/MSI-L;D/F12;Suspension
NCI-H1417;688001;SCLC;MSS/MSI-L;R;Suspension
NCI-H1436;908469;SCLC;MSS/MSI-L;D/F12;Suspension
NCI-H146;910899;SCLC;MSS/MSI-L;R;Suspension
NCI-H1688;1298349;SCLC;MSS/MSI-L;R;Adherent
NCI-H1694;688006;SCLC;MSS/MSI-L;D/F12;Suspension
NCI-H1836;1240182;SCLC;MSS/MSI-L;D/F12;Suspension
NCI-H187;688007;SCLC;MSS/MSI-L;R;Suspension
NCI-H1876;1330972;SCLC;MSS/MSI-L;D/F12;Adherent
NCI-H196;1240186;SCLC;MSS/MSI-L;R;Adherent
NCI-H1963;688010;SCLC;MSS/MSI-L;R;Suspension
NCI-H2029;688011;SCLC;MSS/MSI-L;D/F12;Adherent
NCI-H2066;1330973;SCLC;MSS/MSI-L;D/F12;Adherent
NCI-H209;688013;SCLC;MSS/MSI-L;R;Suspension
NCI-H211;1240189;SCLC;MSS/MSI-L;R;Adherent
NCI-H2141;688014;SCLC;MSS/MSI-L;D/F12;Suspension
NCI-H2196;908481;SCLC;MSS/MSI-L;R;Adherent
NCI-H2227;688018;SCLC;MSS/MSI-L;R;Semi-Adherent
NCI-H250;924241;SCLC;MSS/MSI-L;R;Suspension
NCI-H345;688021;SCLC;MSS/MSI-L;D/F12;Suspension
NCI-H378;688022;SCLC;MSS/MSI-L;R;Suspension
NCI-H446;688023;SCLC;MSS/MSI-L;R;Semi-Adherent
NCI-H510A;753605;SCLC;MSS/MSI-L;D/F12;Semi-Adherent
NCI-H524;908483;SCLC;MSS/MSI-L;R;Suspension
NCI-H526;688025;SCLC;MSS/MSI-L;R;Suspension
NCI-H64;688026;SCLC;MSS/MSI-L;R;Suspension
NCI-H69;688027;SCLC;MSS/MSI-L;R;Suspension
NCI-H748;909194;SCLC;MSS/MSI-L;R;Suspension
NCI-H82;688031;SCLC;MSS/MSI-L;R;Suspension
NCI-H841;1240192;SCLC;MSS/MSI-L;D/F12;Adherent
NCI-H847;1240193;SCLC;MSS/MSI-L;D/F12;Adherent
SBC-1;713885;SCLC;MSS/MSI-L;R;Suspension
SBC-3;753610;SCLC;MSS/MSI-L;D/F12;Adherent
SBC-5;713880;SCLC;MSS/MSI-L;D/F12;Adherent
H2369;1290808;MESO;MSS/MSI-L;R;Adherent
H2373;1290809;MESO;MSS/MSI-L;R;Adherent
H2461;1290810;MESO;MSS/MSI-L;R;Adherent
H2591;1240131;MESO;MSS/MSI-L;R;Adherent
H2595;1240132;MESO;MSS/MSI-L;R;Adherent
H2722;1290812;MESO;MSS/MSI-L;R;Adherent
H2731;1240134;MESO;MSS/MSI-L;R;Adherent
H2795;1290813;MESO;MSS/MSI-L;R;Adherent
H2803;1240135;MESO;MSS/MSI-L;R;Adherent
H2804;1240136;MESO;MSS/MSI-L;R;Adherent
H2810;1240137;MESO;MSS/MSI-L;R;Adherent
H2818;1290814;MESO;MSS/MSI-L;R;Adherent
H2869;1240138;MESO;MSS/MSI-L;R;Adherent
H290;1240139;MESO;MSS/MSI-L;R;Adherent
H513;1240141;MESO;MSS/MSI-L;R;Semi-Adherent
IST-MES1;907173;MESO;MSS/MSI-L;D/F12;Adherent
MPP-89;908150;MESO;MSS/MSI-L;D/F12;Adherent
MSTO-211H;908152;MESO;MSS/MSI-L;R;Adherent
NCI-H2052;688058;MESO;MSS/MSI-L;R;Adherent
NCI-H2452;908462;MESO;MSS/MSI-L;R;Adherent
NCI-H28;908470;MESO;MSS/MSI-L;R;Adherent
42-MG-BA;687561;GBM;MSS/MSI-L;R;Adherent
8-MG-BA;687562;GBM;MSS/MSI-L;D/F12;Adherent
A172;687563;GBM;MSS/MSI-L;D/F12;Adherent
AM-38;910933;GBM;MSS/MSI-L;D/F12;Semi-Adherent
Becker;906746;GBM;MSS/MSI-L;D/F12;Adherent
CAS-1;910943;GBM;MSS/MSI-L;D/F12;Adherent
CCF-STTG1;906823;GBM;MSS/MSI-L;R;Adherent
D-247MG;946367;GBM;MSS/MSI-L;D/F12;Adherent
D-263MG;946368;GBM;MSS/MSI-L;D/F12;Adherent
D-336MG;946369;LGG;MSS/MSI-L;D/F12;Adherent
D-392MG;946370;GBM;MSS/MSI-L;D/F12;Adherent
D-502MG;946373;LGG;MSS/MSI-L;D/F12;Adherent
D-542MG;753549;GBM;MSS/MSI-L;D/F12;Adherent
D-566MG;946377;GBM;MSS/MSI-L;D/F12;Adherent
DBTRG-05MG;906835;GBM;MSS/MSI-L;R;Adherent
DK-MG;906839;GBM;MSS/MSI-L;R;Adherent
GAMG;906868;LGG;MSS/MSI-L;D/F12;Adherent
GB-1;687568;GBM;MSS/MSI-L;D/F12;Adherent
GI-1;906871;LGG;MSS/MSI-L;D/F12;Adherent
GMS-10;906873;GBM;MSS/MSI-L;D/F12;Adherent
H4;907042;LGG;MSS/MSI-L;D/F12;Adherent
Hs683;1240150;LGG;MSS/MSI-L;D/F12;Adherent
KALS-1;907271;LGG;MSS/MSI-L;R;Adherent
KINGS-1;907279;LGG;MSS/MSI-L;R;Adherent
KNS-42;907282;LGG;MSS/MSI-L;D/F12;Adherent
KNS-81-FD;924188;LGG;MSS/MSI-L;D/F12;Adherent
KS-1;907313;GBM;MSS/MSI-L;D/F12;Adherent
LN-18;1240168;GBM;MSS/MSI-L;D/F12;Adherent
LN-229;1240169;GBM;MSS/MSI-L;D/F12;Adherent
LN-405;910694;GBM;MSS/MSI-L;D/F12;Adherent
LNZTA3WT4;1240170;GBM;MSS/MSI-L;D/F12;Adherent
M059J;949094;GBM;MSS/MSI-L;D/F12;Adherent
MOG-G-CCM;908144;LGG;MSS/MSI-L;D/F12;Adherent
MOG-G-UVW;908145;LGG;MSS/MSI-L;D/F12;Adherent
NMC-G1;908449;LGG;MSS/MSI-L;D/F12;Adherent
no-10;908452;LGG;MSS/MSI-L;D/F12;Adherent
no-11;908450;LGG;MSS/MSI-L;D/F12;Adherent
SF126;909712;GBM;MSS/MSI-L;D/F12;Adherent
SF268;905986;GBM;MSS/MSI-L;R;Adherent
SF295;905985;GBM;MSS/MSI-L;D/F12;Adherent
SF539;905984;LGG;MSS/MSI-L;R;Adherent
SK-MG-1;909729;GBM;MSS/MSI-L;R;Adherent
SNB75;905982;GBM;MSS/MSI-L;R;Adherent
SW1088;909745;GBM;MSS/MSI-L;D/F12;Adherent
SW1783;909750;LGG;MSS/MSI-L;D/F12;Adherent
T98G;687586;GBM;MSS/MSI-L;D/F12;Adherent
U-118-MG;687588;GBM;MSS/MSI-L;D/F12;Adherent
U251;905983;GBM;MSS/MSI-L;D/F12;Adherent
U-87-MG;687590;GBM;MSS/MSI-L;D/F12;Adherent
YH-13;909905;GBM;MSS/MSI-L;D/F12;Adherent
YKG-1;687592;GBM;MSS/MSI-L;D/F12;Adherent
D-283MED;906834;MB;MSS/MSI-L;D/F12;Adherent
Daoy;906833;MB;MSS/MSI-L;D/F12;Adherent
ONS-76;909248;MB;MSS/MSI-L;R;Adherent
PFSK-1;683667;MB;MSS/MSI-L;R;Adherent
BE2-M17;753616;NB;MSS/MSI-L;D/F12;Adherent
CHP-126;910567;NB;MSS/MSI-L;R;Suspension
CHP-134;910941;NB;MSS/MSI-L;R;Suspension
CHP-212;906820;NB;MSS/MSI-L;D/F12;Adherent
GI-ME-N;906872;NB;MSS/MSI-L;R;Adherent
GOTO;906875;NB;MSS/MSI-L;R;Adherent
IMR-5;907170;NB;MSS/MSI-L;R;Adherent
KELLY;753618;NB;MSS/MSI-L;R;Adherent
KP-N-YN;907314;NB;MSS/MSI-L;R;Adherent
LAN-6;949170;NB;MSS/MSI-L;R;Adherent
MHH-NB-11;908135;NB;MSS/MSI-L;R;Adherent
NB(TU)1-10;1240181;NB;MSS/MSI-L;R;Adherent
NB1;949179;NB;MSS/MSI-L;R;Semi-Adherent
NB10;949171;NB;MSS/MSI-L;D/F12;Adherent
NB12;949172;NB;MSS/MSI-L;D/F12;Adherent
NB13;949177;NB;MSS/MSI-L;D/F12;Adherent
NB14;949178;NB;MSS/MSI-L;D/F12;Adherent
NB17;949175;NB;MSS/MSI-L;D/F12;Adherent
NB5;949176;NB;MSS/MSI-L;D/F12;Adherent
NB6;949173;NB;MSS/MSI-L;D/F12;Adherent
NB69;908440;NB;MSS/MSI-L;D/F12;Adherent
NB7;949174;NB;MSS/MSI-L;D/F12;Adherent
NH-12;908447;NB;MSS/MSI-L;D/F12;Adherent
SIMA;753620;NB;MSS/MSI-L;R;Adherent
SK-N-AS;724828;NB;MSS/MSI-L;D/F12;Adherent
SK-N-DZ;688086;NB;MSS/MSI-L;D/F12;Adherent
SK-N-FI;688087;NB;MSS/MSI-L;D/F12;Adherent
SK-N-SH;717431;NB;MSS/MSI-L;D/F12;Adherent
TGW;910780;NB;MSS/MSI-L;D/F12;Adherent
AsPC-1;910702;PAAD;MSS/MSI-L;R;Adherent
BxPC-3;906693;PAAD;MSS/MSI-L;R;Adherent
CAPAN-1;753624;PAAD;MSS/MSI-L;D/F12;Adherent
Capan-2;910915;PAAD;MSS/MSI-L;R;Adherent
CFPAC-1;906821;PAAD;MSS/MSI-L;R;Adherent
DAN-G;1290797;PAAD;MSS/MSI-L;R;Adherent
HPAC;1298136;PAAD;MSS/MSI-L;D/F12;Adherent
HPAF-II;724869;PAAD;MSS/MSI-L;D/F12;Adherent
Hs766T;1298141;PAAD;MSS/MSI-L;D/F12;Adherent
HuP-T3;907285;PAAD;MSS/MSI-L;R;Adherent
HuP-T4;907286;PAAD;MSS/MSI-L;D/F12;Adherent
KP-1N;1298216;PAAD;MSS/MSI-L;R;Adherent
KP-3;1298219;UNABLE TO CLASSIFY;MSS/MSI-L;R;Adherent
KP-4;753572;PAAD;MSS/MSI-L;D/F12;Adherent
MIA-PaCa-2;724870;PAAD;MSS/MSI-L;D/F12;Adherent
MZ1-PC;753595;PAAD;MSS/MSI-L;R;Adherent
PANC-02-03;1298475;PAAD;MSS/MSI-L;R;Adherent
PANC-03-27;925346;PAAD;MSS/MSI-L;R;Adherent
PANC-04-03;1298476;PAAD;MSS/MSI-L;R;Adherent
PANC-08-13;925347;PAAD;MSS/MSI-L;R;Adherent
PANC-10-05;925348;PAAD;MSS/MSI-L;R;Adherent
PA-TU-8902;1298526;PAAD;MSS/MSI-L;D/F12;Adherent
PA-TU-8988T;1240201;PAAD;MSS/MSI-L;D/F12;Adherent
PL18;1240208;PAAD;MSS/MSI-L;D/F12;Adherent
PL4;1298533;PAAD;MSS/MSI-L;D/F12;Adherent
PSN1;910546;PAAD;MSS/MSI-L;R;Adherent
QGP-1;1298534;;MSS/MSI-L;R;Adherent
SU8686;1240218;PAAD;MSS/MSI-L;R;Adherent
SUIT-2;1240219;PAAD;MSS/MSI-L;R;Adherent
SW1990;910907;PAAD;MSS/MSI-L;D/F12;Adherent
YAPC;909904;PAAD;MSS/MSI-L;R;Adherent
451Lu;1287706;SKCM;MSS/MSI-L;D/F12;Adherent
A101D;910921;SKCM;MSS/MSI-L;D/F12;Adherent
A2058;906792;SKCM;MSS/MSI-L;D/F12;Adherent
A375;906793;SKCM;MSS/MSI-L;D/F12;Adherent
C32;906830;SKCM;MSS/MSI-L;D/F12;Adherent
CHL-1;910853;SKCM;MSS/MSI-L;D/F12;Adherent
COLO-679;906818;SKCM;MSS/MSI-L;R;Adherent
COLO-792;906814;SKCM;MSS/MSI-L;R;Adherent
COLO-800;906813;SKCM;MSS/MSI-L;R;Adherent
COLO-829;687448;SKCM;MSS/MSI-L;R;Adherent
CP50-MEL-B;753545;SKCM;MSS/MSI-L;D/F12;Adherent
CP66-MEL;753546;SKCM;MSS/MSI-L;D/F12;Adherent
G-361;906865;SKCM;MSS/MSI-L;R;Adherent
GAK;910932;SKCM;MSS/MSI-L;D/F12;Adherent
G-MEL;1240130;SKCM;MSS/MSI-L;D/F12;Adherent
HMV-II;907058;SKCM;MSS/MSI-L;R;Adherent
Hs940-T;1298145;SKCM;MSS/MSI-L;D/F12;Adherent
HT-144;907067;SKCM;MSS/MSI-L;R;Adherent
IGR-1;907169;SKCM;MSS/MSI-L;D/F12;Adherent
IGR-37;1240153;SKCM;MSS/MSI-L;D/F12;Adherent
IPC-298;907171;SKCM;MSS/MSI-L;R;Adherent
IST-MEL1;907172;SKCM;MSS/MSI-L;R;Adherent
LB2518-MEL;753579;SKCM;MSS/MSI-L;D/F12;Adherent
LB373-MEL-D;753581;SKCM;MSS/MSI-L;D/F12;Adherent
LOXIMVI;905974;SKCM;MSS/MSI-L;R;Semi-Adherent
M14;905975;SKCM;MSS/MSI-L;R;Adherent
MEL-HO;908124;SKCM;MSS/MSI-L;R;Adherent
MEL-JUSO;908125;SKCM;MSS/MSI-L;R;Adherent
Mewo;908128;SKCM;MSS/MSI-L;R;Adherent
MMAC-SF;925339;SKCM;MSS/MSI-L;D/F12;Adherent
MZ2-MEL;971777;SKCM;MSS/MSI-L;D/F12;Adherent
MZ7-mel;753596;SKCM;MSS/MSI-L;R;Adherent
RPMI-7951;910903;SKCM;MSS/MSI-L;D/F12;Adherent
RVH-421;909706;SKCM;MSS/MSI-L;R;Adherent
SH-4;909713;SKCM;MSS/MSI-L;D/F12;Adherent
SK-MEL-1;909723;SKCM;MSS/MSI-L;D/F12;Suspension
SK-MEL-2;905955;SKCM;MSI-H;R;Adherent
SK-MEL-24;909725;SKCM;MSS/MSI-L;D/F12;Adherent
SK-MEL-28;905954;SKCM;MSS/MSI-L;D/F12;Adherent
SK-MEL-3;909724;SKCM;MSS/MSI-L;R;Adherent
SK-MEL-30;909726;SKCM;MSS/MSI-L;R;Adherent
SK-MEL-31;909727;SKCM;MSS/MSI-L;D/F12;Adherent
SK-MEL-5;905956;SKCM;MSS/MSI-L;D/F12;Adherent
UACC-257;905977;SKCM;MSS/MSI-L;R;Adherent
UACC-62;905976;SKCM;MSS/MSI-L;D/F12;Adherent
WM-115;909784;SKCM;MSS/MSI-L;D/F12;Adherent
WM1552C;1299078;SKCM;MSS/MSI-L;R;Adherent
WM278;1240226;SKCM;MSS/MSI-L;R;Adherent
WM35;1299080;SKCM;MSS/MSI-L;R;Adherent
WM793B;1299081;SKCM;MSS/MSI-L;R;Adherent
A388;910697;;MSS/MSI-L;D/F12;Adherent
A431;910925;;MSS/MSI-L;D/F12;Adherent
DJM-1;906841;;MSS/MSI-L;D/F12;Adherent
HT-1080;907064;;MSS/MSI-L;D/F12;Adherent
SW684;909754;;MSS/MSI-L;D/F12;Adherent
A204;910784;;MSS/MSI-L;R;Adherent
A673;684052;;MSS/MSI-L;D/F12;Adherent
KYM-1;1240166;;MSS/MSI-L;D/F12;Adherent
RD;909264;;MSS/MSI-L;D/F12;Adherent
RH-1;971773;;MSS/MSI-L;R;Adherent
RH-18;971774;;MSS/MSI-L;R;Adherent
RH-41;1240210;;MSS/MSI-L;R;Adherent
SJRH30;909716;;MSS/MSI-L;R;Adherent
TE-441-T;924248;;MSS/MSI-L;D/F12;Adherent
G-402;907298;;MSS/MSI-L;R;Adherent
GCT;906999;;MSS/MSI-L;R;Adherent
MFH-ino;925343;;MSS/MSI-L;D/F12;Adherent
SK-LMS-1;909720;;MSS/MSI-L;D/F12;Adherent
SK-UT-1;909732;;MSI-H;D/F12;Adherent
SW872;909756;;MSS/MSI-L;D/F12;Adherent
SW982;909759;;MSS/MSI-L;D/F12;Adherent
VA-ES-BJ;688121;;MSS/MSI-L;D/F12;Adherent
8305C;906795;THCA;MSS/MSI-L;R;Adherent
8505C;924102;THCA;MSS/MSI-L;R;Adherent
ASH-3;1290722;THCA;MSS/MSI-L;D/F12;Adherent
BCPAP;924104;THCA;MSS/MSI-L;R;Adherent
BHT-101;906696;THCA;MSS/MSI-L;D/F12;Adherent
CAL-62;906828;THCA;MSS/MSI-L;D/F12;Adherent
CGTH-W-1;910568;THCA;MSS/MSI-L;R;Adherent
FTC-133;906864;THCA;MSS/MSI-L;D/F12;Adherent
HTC-C3;924151;THCA;MSS/MSI-L;D/F12;Adherent
IHH-4;1240154;THCA;MSS/MSI-L;D/F12;Semi-Adherent
K5;924238;THCA;MSS/MSI-L;D/F12;Adherent
ML-1;1240178;THCA;MSS/MSI-L;D/F12;Adherent
RO82-W-1;930083;THCA;MSS/MSI-L;D/F12;Adherent
TT;930299;THCA;MSS/MSI-L;D/F12;Adherent
TT2609-C02;1240223;THCA;MSS/MSI-L;R;Adherent
5637;687452;BLCA;MSS/MSI-L;R;Adherent
639-V;906798;BLCA;MSS/MSI-L;D/F12;Adherent
647-V;906797;BLCA;MSS/MSI-L;D/F12;Adherent
BFTC-905;910926;BLCA;MSS/MSI-L;D/F12;Adherent
CAL-29;1290730;BLCA;MSS/MSI-L;D/F12;Adherent
DSH1;753552;BLCA;MSS/MSI-L;R;Adherent
HT-1197;907065;BLCA;MSS/MSI-L;D/F12;Adherent
HT-1376;907066;BLCA;MSS/MSI-L;D/F12;Adherent
J82;753566;BLCA;MSS/MSI-L;D/F12;Adherent
KU-19-19;907312;BLCA;MSS/MSI-L;R;Adherent
LB831-BLC;753584;BLCA;MSS/MSI-L;D/F12;Adherent
RT-112;909704;BLCA;MSS/MSI-L;R;Adherent
RT4;687455;BLCA;MSS/MSI-L;D/F12;Adherent
SW1710;909749;BLCA;MSS/MSI-L;D/F12;Adherent
SW780;687457;BLCA;MSS/MSI-L;D/F12;Adherent
T-24;724812;BLCA;MSS/MSI-L;D/F12;Adherent
TCCSUP;687459;BLCA;MSS/MSI-L;D/F12;Adherent
UM-UC-3;724838;BLCA;MSS/MSI-L;D/F12;Adherent
VM-CUB-1;909780;BLCA;MSS/MSI-L;D/F12;Adherent
C-33-A;687505;CESC;MSI-H;D/F12;Adherent
C-4-I;687506;CESC;MSS/MSI-L;D/F12;Adherent
CAL-39;924107;CESC;MSS/MSI-L;D/F12;Adherent
Ca-Ski;906824;CESC;MSS/MSI-L;R;Adherent
DoTc2-4510;906843;CESC;MSS/MSI-L;D/F12;Adherent
HeLa;1298134;CESC;MSS/MSI-L;D/F12;Adherent
HT-3;907068;CESC;MSS/MSI-L;R;Adherent
ME-180;687514;CESC;MSS/MSI-L;D/F12;Adherent
MS751;1240179;CESC;MSS/MSI-L;D/F12;Adherent
SiHa;930297;CESC;MSS/MSI-L;D/F12;Adherent
SISO;1240212;CESC;MSS/MSI-L;R;Adherent
SKG-IIIa;930298;CESC;MSS/MSI-L;D/F12;Adherent
SW756;724839;CESC;MSS/MSI-L;D/F12;Adherent
TC-YIK;946357;;MSS/MSI-L;R;Suspension
AN3-CA;910781;UCEC;MSI-H;D/F12;Adherent
COLO-684;910691;UCEC;MSI-H;R;Suspension
EN;1240127;UCEC;MSS/MSI-L;R;Adherent
ESS-1;907000;;MSS/MSI-L;R;Adherent
HEC-1;907051;UCEC;MSI-H;D/F12;Adherent
KLE;924187;UCEC;MSS/MSI-L;D/F12;Adherent
MFE-280;908129;UCEC;MSS/MSI-L;D/F12;Adherent
MFE-296;908130;UCEC;MSI-H;D/F12;Adherent
MFE-319;1240174;UCEC;MSI-H;D/F12;Adherent
SNG-M;909735;UCEC;MSI-H;D/F12;Adherent
A2780;906804;UNABLE TO CLASSIFY;MSS/MSI-L;R;Semi-Adherent
Caov-4;949090;OV;MSS/MSI-L;D/F12;Adherent
EFO-21;911905;OV;MSS/MSI-L;R;Adherent
EFO-27;906852;;MSI-H;R;Adherent
ES-2;1240128;;MSS/MSI-L;R;Adherent
FU-OV-1;1240129;OV;MSS/MSI-L;D/F12;Adherent
IGROV-1;905968;OV;MSI-H;R;Adherent
JHOS-2;1479995;OV;MSS/MSI-L;D/F12;Adherent
JHOS-3;1480358;OV;MSS/MSI-L;D/F12;Adherent
JHOS-4;1480359;OV;MSS/MSI-L;D/F12;Adherent
KGN;924186;;MSS/MSI-L;D/F12;Adherent
KURAMOCHI;909975;UNABLE TO CLASSIFY;MSS/MSI-L;R;Adherent
OAW-28;946360;OV;MSS/MSI-L;D/F12;Adherent
OAW-42;910548;OV;MSS/MSI-L;D/F12;Adherent
OC-314;909257;OV;MSI-H;R;Adherent
OV-17R;1480361;OV;MSS/MSI-L;D/F12;Adherent
OV-56;1480362;OV;MSS/MSI-L;D/F12;Adherent
OV-7;1480360;OV;MSS/MSI-L;D/F12;Adherent
OV-90;1240197;OV;MSS/MSI-L;D/F12;Adherent
OVCA420;1480364;OV;MSS/MSI-L;D/F12;Adherent
OVCAR-3;905933;OV;MSS/MSI-L;R;Adherent
OVCAR-4;905990;OV;MSS/MSI-L;R;Adherent
OVCAR-5;905969;OV;MSS/MSI-L;R;Adherent
OVCAR-8;905991;OV;MSS/MSI-L;R;Adherent
OVISE;1240198;OV;MSS/MSI-L;R;Adherent
OVK-18;1480371;OV;MSI-H;D/F12;Adherent
OVKATE;1240199;OV;MSS/MSI-L;R;Adherent
OVMIU;1240200;OV;MSS/MSI-L;R;Adherent
OVTOKO;1298365;OV;MSS/MSI-L;R;Adherent
PA-1;909255;;MSS/MSI-L;D/F12;Adherent
PEO1;1480372;OV;MSS/MSI-L;R;Adherent
RKN;1298539;;MSS/MSI-L;D/F12;Adherent
RMG-I;909699;;MSS/MSI-L;D/F12;Adherent
SK-OV-3;905959;OV;MSI-H;R;Adherent
SW626;909753;OV;MSS/MSI-L;D/F12;Adherent
TOV-112D;1299070;OV;MSS/MSI-L;D/F12;Adherent
TOV-21G;1240222;OV;MSI-H;D/F12;Adherent
TYK-nu;909774;UNABLE TO CLASSIFY;MSS/MSI-L;D/F12;Adherent
UWB1.289;1480374;OV;MSS/MSI-L;D/F12;Adherent
22RV1;924100;PRAD;MSI-H;R;Adherent
BPH-1;924105;;MSS/MSI-L;R;Adherent
DU-145;905935;PRAD;MSI-H;D/F12;Adherent
LNCaP-Clone-FGC;907788;PRAD;MSI-H;R;Adherent
PC-3;905934;PRAD;MSS/MSI-L;D/F12;Adherent
PWR-1E;1330993;PRAD;MSS/MSI-L;D/F12;Adherent
VCaP;1299075;PRAD;MSS/MSI-L;D/F12;Adherent
NCCIT;908441;;MSS/MSI-L;R;Adherent
NEC8;910942;;MSS/MSI-L;R;Adherent
NTERA-2 cl.D1;908454;;MSS/MSI-L;D/F12;Adherent
JAR;907175;;MSS/MSI-L;R;Adherent
JEG-3;907176;;MSS/MSI-L;D/F12;Adherent
SW954;924247;;MSS/MSI-L;D/F12;Adherent
SW962;909758;;MSS/MSI-L;D/F12;Adherent
MES-SA;908127;;MSS/MSI-L;R;Adherent
SKN;1240215;;MSS/MSI-L;D/F12;Adherent
DMS-79;753551;SCLC;;R;Suspension
CMK;910566;LAML;MSS/MSI-L;R;Suspension
NB-4;1323913;LAML;MSS/MSI-L;R;Suspension
MHH-CALL-4;908133;;MSS/MSI-L;R;Suspension
BC-3;910918;DLBC;MSS/MSI-L;R;Suspension
HT;907063;DLBC;MSI-H;R;Suspension
JM1;1327768;DLBC;MSS/MSI-L;D/F12;Suspension
BONNA-12;906695;;MSS/MSI-L;R;Suspension
ES6;949157;;MSS/MSI-L;R;Adherent
MHH-ES-1;908134;;MSS/MSI-L;R;Adherent
DIFI;1789883;COAD/READ;MSS/MSI-L;D/F12;Adherent
NCI-H508;908442;COAD/READ;MSS/MSI-L;R;Semi-Adherent
SNU-283;1659929;COAD/READ;MSS/MSI-L;R;Adherent
SW620;905962;COAD/READ;MSS/MSI-L;D/F12;Adherent
JHH-2;1240157;LIHC;MSS/MSI-L;D/F12;Adherent
JHH-4;1240158;LIHC;MSS/MSI-L;D/F12;Adherent
RCC-JF;1524415;KIRC;MSS/MSI-L;D/F12;Adherent
SW156;1240220;KIRC;MSS/MSI-L;D/F12;Adherent
HOP-62;905972;LUAD;MSS/MSI-L;R;Adherent
NCI-H1437;687794;LUAD;MSS/MSI-L;R;Adherent
PC-3 [JPC-3];1240202;LUAD;MSS/MSI-L;D/F12;Adherent
NCI-H740;1331055;SCLC;MSS/MSI-L;R;Suspension
COR-L95;1297439;SCLC;MSS/MSI-L;R;Adherent
HCC-33;1303901;SCLC;MSS/MSI-L;R;Adherent
NCI-H128;753597;SCLC;MSS/MSI-L;R;Suspension
NCI-H1304;753599;SCLC;MSS/MSI-L;D/F12;Suspension
NCI-H2081;908480;SCLC;MSS/MSI-L;D/F12;Suspension
NCI-H2171;688015;SCLC;MSS/MSI-L;D/F12;Suspension
-77 SHP;724872;SCLC;MSS/MSI-L;R;Semi-Adherent
SW1271;1299062;SCLC;MSS/MSI-L;D/F12;Adherent
D-423MG;946372;GBM;MSS/MSI-L;D/F12;Adherent
KP-N-RT-BM-1;924189;NB;MSS/MSI-L;R;Semi-Adherent
KP-N-YS;946363;NB;MSS/MSI-L;R;Adherent
MC-IXC;908118;NB;MSS/MSI-L;D/F12;Adherent
COLO-783;1240125;SKCM;MSS/MSI-L;R;Adherent
CP67-MEL;949092;SKCM;MSS/MSI-L;D/F12;Adherent
Hs633T;1240149;;MSS/MSI-L;D/F12;Adherent
KMH-2;1298167;THCA;MSS/MSI-L;R;Adherent
OMC-1;949154;CESC;MSS/MSI-L;D/F12;Adherent
RL95-2;930082;;MSI-H;D/F12;Adherent
Caov-3;906825;OV;MSS/MSI-L;D/F12;Adherent
DOV13;1479987;OV;MSS/MSI-L;D/F12;Adherent
Hey;1479988;OV;MSS/MSI-L;R;Adherent
NCI-H660;1330975;;MSS/MSI-L;D/F12;Suspension
JHU-029;1298156;HNSC;;R;Adherent
SCC90;1299052;HNSC;;R;Adherent
MOLM-16;1330948;LAML;;R;Suspension
OCI-LY7;1659819;DLBC;;D/F12;Suspension
KMS-11;1659817;MM;;R;Suspension
CHSA0011;1290767;;;R;Adherent
CHSA0108;1290768;;;R;Adherent
JIMT-1;1298157;BRCA;;D/F12;Adherent
CL-34;1290771;COAD/READ;;D/F12;Adherent
VMRC-LCD;713869;LUAD;;D/F12;Adherent
K2;1298160;SKCM;;D/F12;Adherent
STS-0421;1299061;;;R;Adherent
MY-M12;1330960;ALL;MSS/MSI-L;R;Suspension
TALL-1;909762;ALL;MSS/MSI-L;R;Suspension
NK-92MI;1330981;;MSS/MSI-L;D/F12;Suspension
MDA-MB-175-VII;908120;BRCA;MSS/MSI-L;D/F12;Adherent
YMB-1-E;1303911;BRCA;MSS/MSI-L;R;Adherent
VMRC-RCW;1240224;KIRC;MSS/MSI-L;R;Adherent
NCI-H460;905943;;MSS/MSI-L;R;Adherent
RERF-LC-FM;930081;SCLC;MSS/MSI-L;R;Suspension
D-245MG;946366;GBM;MSS/MSI-L;D/F12;Adherent
Hs939-T;1298144;SKCM;MSS/MSI-L;D/F12;Adherent
VMRC-MELG;930301;SKCM;MSS/MSI-L;D/F12;Adherent
OVCA433;1480367;OV;MSS/MSI-L;D/F12;Adherent
TMK-1;1299069;STAD;;R;Adherent
KP-2;1298218;PAAD;;D/F12;Adherent
KO52;1330932;LAML;MSS/MSI-L;D/F12;NA
SC-1;1331030;DLBC;MSS/MSI-L;R;NA
U-CH2;1503373;;MSS/MSI-L;D/F12;Adherent